Season,Name,Team,Stf+ FA,botOvr FA,Stf+ CH,botOvr CH,NameASCII,PlayerId,MLBAMID
2023,"Yu Darvish","SDP",121.65609756097558,56.74974517615177,180.3,20,"Yu Darvish",13074,506433
2023,"Gavin Williams","CLE",112.00273794002607,61.46206544980442,136.30256410256408,48.43386,"Gavin Williams",30122,668909
2022,"Sandy Alcantara","MIA",109.3765281173594,58.01689321515892,129.9383759733037,64.30110576195773,"Sandy Alcantara",18684,645261
2023,"Tyler Wells","BAL",83.56431784107947,47.78910697151424,126.94638554216867,64.5477116566265,"Tyler Wells",20000,669330
2022,"Tyler Wells","BAL",100.96720116618079,57.968308498542285,119.45940594059407,68.12798320132012,"Tyler Wells",20000,669330
2022,"Ross Stripling","TOR",84.01185897435897,49.659970689102565,117.04565656565657,71.33711208080808,"Ross Stripling",13273,548389
2022,"Beau Brieske","DET",94.59764309764311,49.49456146464646,115.71684210526314,71.59935512280701,"Beau Brieske",26079,689225
2022,"Brandon Woodruff","MIL",117.90225641025644,63.3539858871795,115.34382566585958,67.18547276029055,"Brandon Woodruff",16162,605540
2023,"Shane McClanahan","TBR",110.7816513761468,65.71070997378769,115.02255319148934,64.97289387234042,"Shane McClanahan",21483,663556
2023,"James Paxton","BOS",95.2033934252386,60.006654008483565,111.75701754385966,40.57159815789475,"James Paxton",11828,572020
2023,"Steven Matz","STL",,,110.77890995260663,66.66553372037913,"Steven Matz",13361,571927
2023,"Logan Webb","SFG",88.41452991452988,47.32001205128206,110.66433566433567,62.0571970770393,"Logan Webb",17995,657277
2023,"Grayson Rodriguez","BAL",116.467401725791,65.97799448705656,110.4430997876858,67.1764902760085,"Grayson Rodriguez",24492,680570
2023,"Carlos Carrasco","NYM",74.7397233201581,40.57200812252965,108.16652631578947,53.77802785263158,"Carlos Carrasco",6632,471911
2022,"Carlos Carrasco","NYM",75.59007092198583,51.617615508274234,108.12389830508474,64.16975266101696,"Carlos Carrasco",6632,471911
2023,"Sandy Alcantara","MIA",110.78756476683937,62.247846148531934,107.47217741935484,60.206247755376346,"Sandy Alcantara",18684,645261
2022,"Chris Flexen","SEA",76.62838874680307,43.643337634271106,106.35798045602604,50.47912442996743,"Chris Flexen",13896,623167
2022,"Merrill Kelly","ARI",85.37161862527714,52.53470770509979,105.79536621823615,59.806852780269054,"Merrill Kelly",11156,518876
2023,"Bobby Miller","LAD",130.28794964028776,61.25015361510791,104.55828025477707,57.611020732484086,"Bobby Miller",27483,676272
2022,"Logan Webb","SFG",115.3,39.67289855670103,103.84642475987192,58.29547582710777,"Logan Webb",17995,657277
2023,"Joe Musgrove","SDP",79.74894736842106,54.81202947368423,103.56761363636365,48.114598352272736,"Joe Musgrove",12970,605397
2022,"Michael Wacha","BOS",83.49424572317263,52.369472052877136,102.79017241379312,63.067325448275874,"Michael Wacha",14078,608379
2023,"Justin Verlander","- - -",96.6263440860215,52.60666149769586,102.23801652892563,59.25294140495869,"Justin Verlander",8700,434378
2023,"Andrew Heaney","TEX",105.54224637681159,54.37524429710146,101.72253521126761,47.79750643192489,"Andrew Heaney",15423,571760
2023,"Tanner Bibee","CLE",91.3063071297989,45.2359863071298,101.46269430051814,58.709049559585495,"Tanner Bibee",30134,676440
2022,"Trevor Rogers","MIA",100.85933528836757,59.54813562072336,100.91426056338027,60.36652239436619,"Trevor Rogers",22286,669432
2022,"Luis Garcia","HOU",97.30934489402698,57.69726527938344,100.908658008658,55.42783800865801,"Luis Garcia",23735,677651
2022,"Kyle Bradish","BAL",97.07316798196167,48.68993110484779,100.90588235294119,51.44943329411765,"Kyle Bradish",24586,680694
2023,"Michael Wacha","SDP",73.39921507064363,49.17696321821036,100.90169712793734,72.35628178851174,"Michael Wacha",14078,608379
2022,"Kyle Wright","ATL",82.31417624521075,38.35314229885058,99.9806220095694,50.44253143540671,"Kyle Wright",19665,657140
2022,"Luis Castillo","- - -",110.5342233009709,58.047698834951454,99.67544802867386,56.2368602688172,"Luis Castillo",15689,622491
2023,"Charlie Morton","ATL",73.97227171492206,40.158966614699324,99.61198630136985,52.30179773972603,"Charlie Morton",4676,450203
2023,"Merrill Kelly","ARI",78.35534441805227,52.212969429928734,99.4391975308642,62.96012743827161,"Merrill Kelly",11156,518876
2022,"Shane McClanahan","TBR",107.94072810011379,64.56539565415245,99.02736000000004,65.197048912,"Shane McClanahan",21483,663556
2023,"Jordan Montgomery","- - -",74.68774193548387,44.8640824516129,98.63955223880595,53.55491165671643,"Jordan Montgomery",16511,656756
2023,"Patrick Sandoval","LAA",63.281886227544916,48.022156242514974,98.63081481481484,56.70363872592592,"Patrick Sandoval",19447,663776
2023,"Lucas Giolito","- - -",83.73116591928252,46.768909065769805,98.62161862527718,64.37806768292683,"Lucas Giolito",15474,608337
2023,"Reese Olson","DET",93.28708240534522,52.41710273942094,98.59748953974893,49.640763430962345,"Reese Olson",24968,681857
2022,"Logan Gilbert","SEA",105.2287822878229,60.72950765067651,97.83195020746889,39.12198095435684,"Logan Gilbert",22250,669302
2022,"Ian Anderson","ATL",74.08543184183142,40.50193348595214,97.37085201793722,49.869994469357245,"Ian Anderson",19951,666120
2022,"George Kirby","SEA",90.21315789473682,59.72612131578946,97.29161676646706,56.559745269461075,"George Kirby",25436,669923
2023,"Domingo Germán","NYY",88.36213151927437,47.02238319727892,96.82912912912914,47.09265528528529,"Domingo German",17149,593334
2022,"Tyler Anderson","LAD",85.30272822665268,58.48107677859391,96.32604828462517,60.97340921219823,"Tyler Anderson",12880,542881
2023,"Ryne Nelson","ARI",101.60987854251013,59.01189116599193,95.83680781758956,49.68659449511401,"Ryne Nelson",26253,669194
2023,"Brandon Williamson","CIN",63.53436123348016,39.866986069444444,95.19348534201954,45.02870539184953,"Brandon Williamson",25463,682227
2022,"Patrick Sandoval","LAA",73.82410714285714,44.49993016071429,95.12781456953643,52.59018031456953,"Patrick Sandoval",19447,663776
2023,"Michael Lorenzen","- - -",97.54307116104869,52.950679225967534,95.11831275720165,49.066236728395054,"Michael Lorenzen",14843,547179
2023,"Framber Valdez","HOU",,,95.02689804772234,47.42535370932755,"Framber Valdez",17295,664285
2023,"Kyle Bradish","BAL",101.52731871838111,48.327076357504204,94.78280542986425,49.244969592760185,"Kyle Bradish",24586,680694
2022,"Framber Valdez","HOU",77.81090909090909,24.776975090909087,94.72673992673994,51.69743772893772,"Framber Valdez",17295,664285
2022,"Pablo López","MIA",96.83949211908934,60.6470587127846,94.49328140214216,61.55069209347615,"Pablo Lopez",17085,641154
2022,"Justin Verlander","HOU",118.55657794676807,58.99684577946768,94.45873015873015,52.10944539682539,"Justin Verlander",8700,434378
2023,"Ken Waldichuk","OAK",86.98206627680312,48.75141514619884,94.33959044368602,41.14496126279863,"Ken Waldichuk",27681,686610
2023,"George Kirby","SEA",96.92275179856114,60.558486276978414,94.2607843137255,64.03642058823529,"George Kirby",25436,669923
2023,"Bailey Ober","MIN",73.44468485418626,54.85521550329258,94.16303680981595,62.52795628834354,"Bailey Ober",21224,641927
2023,"Max Scherzer","- - -",103.78861646234677,58.710636707530654,94.04351585014409,51.96617755043227,"Max Scherzer",3137,453286
2022,"Yusei Kikuchi","TOR",114.09936868686869,47.42474549242424,93.72008928571428,38.34478241071428,"Yusei Kikuchi",20633,579328
2023,"Joey Wentz","DET",79.72917316692669,50.16837400936037,93.71230158730158,45.05006166666666,"Joey Wentz",19962,666214
2022,"Mike Minor","CIN",72.56804979253113,48.80869138312587,93.09753694581282,57.54707598522169,"Mike Minor",10021,501985
2023,"Jesús Luzardo","MIA",103.01787584143607,58.1317579927273,92.44259868421052,56.05979167731629,"Jesus Luzardo",19959,666200
2023,"Edward Cabrera","MIA",105.16052631578947,41.854988662280704,92.37968749999999,50.539345078124995,"Edward Cabrera",21690,665795
2023,"Tyler Anderson","LAA",81.17008149010478,45.50900473806752,92.31873385012922,55.75072820413436,"Tyler Anderson",12880,542881
2022,"Nick Lodolo","CIN",107.44656771799629,52.43300209647495,92.28103448275863,50.66675793103449,"Nick Lodolo",26378,666157
2023,"Tarik Skubal","DET",93.65676959619952,63.768659049881244,91.80324909747294,65.56827180505415,"Tarik Skubal",22267,669373
2023,"Reid Detmers","LAA",86.75405164737312,52.43679804096171,91.66214285714288,55.88752171428574,"Reid Detmers",27468,672282
2022,"Aaron Ashby","MIL",51.89166666666666,29.222893833333327,91.31351351351351,60.141592552552545,"Aaron Ashby",23550,676879
2023,"Eduardo Rodriguez","DET",72.94544609665428,49.684423587360605,91.27366071428571,51.21087636160714,"Eduardo Rodriguez",13164,593958
2023,"Tommy Henry","ARI",72.36962962962961,41.93007822222222,91.15280898876406,51.61208243445692,"Tommy Henry",26285,674072
2023,"Julio Urías","LAD",90.0372148859544,57.5453100480192,91.04586206896552,56.282878068965516,"Julio Urias",14765,628711
2022,"Lucas Giolito","CHW",85.23229246001523,46.998828621477536,90.8599715099715,63.535608005697995,"Lucas Giolito",15474,608337
2022,"José Urquidy","HOU",109.67426900584795,58.0582606505848,90.52327365728901,59.99031058823528,"Jose Urquidy",18413,664353
2022,"Jesús Luzardo","MIA",105.37919463087249,54.508092953020125,90.2822102425876,55.8270967115903,"Jesus Luzardo",19959,666200
2023,"Bryce Miller","SEA",121.24040816326529,64.50818719183673,90.1307692307692,57.44531487179487,"Bryce Miller",29837,682243
2022,"Jameson Taillon","NYY",100.9535,56.38583877,90.07130801687762,52.08755303797468,"Jameson Taillon",11674,592791
2022,"Charlie Morton","ATL",84.69013499480789,48.078619200415375,89.914,52.71642664,"Charlie Morton",4676,450203
2023,"Brandon Pfaadt","ARI",97.55896700143472,61.36695461979914,89.86577540106951,47.96368106951872,"Brandon Pfaadt",27782,694297
2022,"Jordan Montgomery","- - -",84.19714285714285,46.8770685934066,89.82624584717607,64.81628588039868,"Jordan Montgomery",16511,656756
2022,"Joe Musgrove","SDP",82.29441176470588,57.36293482352939,89.61229050279329,49.967195083798885,"Joe Musgrove",12970,605397
2023,"Pablo López","MIN",99.55915627996166,65.27084714285714,89.59921630094045,64.46966155172413,"Pablo Lopez",17085,641154
2022,"Chris Archer","MIN",88.014263322884,40.7016987460815,89.58821292775666,45.68008646387833,"Chris Archer",6345,502042
2022,"Dean Kremer","BAL",94.01012658227847,52.603375268987335,89.5837545126354,41.403629061371845,"Dean Kremer",19350,665152
2023,"José Berríos","TOR",95.87946577629381,57.9106901669449,89.54861878453039,53.4630735543278,"Jose Berrios",14168,621244
2023,"Griffin Canning","LAA",76.88350515463917,44.48171335787924,89.42997658079625,57.221004566744725,"Griffin Canning",19867,656288
2022,"Tarik Skubal","DET",85.24843137254904,50.01540390196077,89.15052631578948,56.340145403508764,"Tarik Skubal",22267,669373
2022,"Zac Gallen","ARI",114.51431608788094,59.764231275690996,88.8122009569378,66.17708464114833,"Zac Gallen",19291,668678
2023,"Adrian Houser","MIL",80.32517482517483,39.79912414918415,88.64029850746267,34.098636865671644,"Adrian Houser",12718,605288
2022,"Michael Lorenzen","LAA",90.95815217391306,52.68851942934783,87.79024390243902,47.35150742547425,"Michael Lorenzen",14843,547179
2023,"Kyle Gibson","BAL",77.71990171990173,39.33055855036855,87.59303675048356,50.76292421663443,"Kyle Gibson",10123,502043
2023,"Tylor Megill","NYM",86.31212851405623,45.0951004257028,87.54131736526946,53.585268353293415,"Tylor Megill",21318,656731
2022,"Cal Quantrill","CLE",86.49382716049382,31.811417654320994,87.49710982658958,51.117722254335256,"Cal Quantrill",19312,615698
2022,"Zach Davies","ARI",,,87.46837270341209,60.267650734908145,"Zach Davies",13183,605200
2022,"David Peterson","NYM",82.80491283676704,51.46521193343899,86.99407407407405,39.16648670370371,"David Peterson",20302,656849
2022,"Corbin Burnes","MIL",113.8375,20,86.9195652173913,58.053652981366454,"Corbin Burnes",19361,669203
2022,"Max Fried","ATL",88.16019629225735,51.27052107960743,86.64065656565657,56.57143863636364,"Max Fried",13743,608331
2022,"Zach Plesac","CLE",75.88161925601752,44.23254422319475,86.55643153526971,49.3541870539419,"Zach Plesac",19979,668676
2023,"Dean Kremer","BAL",105.95359778597783,53.99242299815499,86.04385474860335,42.78750737430168,"Dean Kremer",19350,665152
2023,"Eury Pérez","MIA",128.09641319942608,68.27993918220947,85.83133333333333,26.782049999999998,"Eury Perez",27768,691587
2022,"Ryan Feltner","COL",95.79734982332154,48.06286876325088,85.82525252525254,37.08909343434344,"Ryan Feltner",21446,663372
2022,"Dylan Bundy","MIN",95.835103926097,53.05142412240184,85.81642156862746,58.46810524509803,"Dylan Bundy",12917,605164
2023,"Zac Gallen","ARI",104.39025608994382,59.563867026858205,85.62869757174394,63.33228236203091,"Zac Gallen",19291,668678
2023,"Spencer Strider","ATL",141.12395604395604,72.42695376923076,85.468,45.94242488888889,"Spencer Strider",27498,675911
2023,"Cal Quantrill","CLE",75.22105263157896,20,84.98612716763004,39.0135950867052,"Cal Quantrill",19312,615698
2023,"Braxton Garrett","MIA",79.48,46.42987427777778,84.98341013824886,43.059089170506915,"Braxton Garrett",21844,666129
2022,"Sean Manaea","SDP",,,84.90068376068375,48.23965239316241,"Sean Manaea",15873,640455
2022,"Rich Hill","BOS",88.84237288135593,50.28461124293787,84.74197530864195,36.557189753086426,"Rich Hill",4806,448179
2023,"Sonny Gray","MIN",104.99373368146216,63.326007493472574,84.65425531914892,37.77019670212766,"Sonny Gray",12768,543243
2022,"Kyle Gibson","PHI",75.33107692307696,41.724198400000006,84.25918367346941,56.10094465986394,"Kyle Gibson",10123,502043
2023,"Bryan Woo","SEA",100.64005891016201,57.912939941089824,84.25200000000001,40.01460339999999,"Bryan Woo",30279,693433
2022,"Zack Greinke","KCR",74.9628701594533,51.88943428246015,84.13002680965147,45.580141420911524,"Zack Greinke",1943,425844
2022,"Kevin Gausman","TOR",111.41509572901326,68.37154381443301,84.1076923076923,69.68622686274509,"Kevin Gausman",14107,592332
2023,"Seth Lugo","SDP",86.94847682119205,58.15054317880796,83.96382978723403,48.48543992907802,"Seth Lugo",12447,607625
2022,"Corey Kluber","TBR",72.97777777777779,25.975395555555554,83.94940711462449,45.51573604743082,"Corey Kluber",2429,446372
2023,"Luke Weaver","- - -",87.75963203463205,50.13081231601732,83.67754137115838,53.495661773049655,"Luke Weaver",16918,596133
2023,"Wade Miley","MIL",78.36876712328767,49.05641495890411,83.53217391304348,46.919099565217394,"Wade Miley",8779,489119
2022,"Spencer Strider","ATL",141.37858306188926,65.75413138436481,83.465,36.318877699999994,"Spencer Strider",27498,675911
2023,"Zack Greinke","KCR",72.47467411545624,49.722229869646185,83.33933933933933,50.39010840840841,"Zack Greinke",1943,425844
2023,"Luis Castillo","SEA",95.44750527055515,56.84178223471539,83.3356,59.89822514000001,"Luis Castillo",15689,622491
2023,"JP Sears","OAK",93.48285912560723,52.51934467730742,83.2675115207373,52.49415686635944,"JP Sears",23429,676664
2023,"David Peterson","NYM",78.14487704918032,35.71657583984375,83.053412462908,51.43727932394366,"David Peterson",20302,656849
2022,"Max Scherzer","NYM",111.70274669379452,61.88286935910478,82.89264705882351,51.053823492647055,"Max Scherzer",3137,453286
2022,"Julio Urías","LAD",105.9485530546624,63.843887403536975,82.54291938997821,52.41720788671021,"Julio Urias",14765,628711
2022,"Eduardo Rodriguez","DET",71.78333333333333,52.37929554307115,82.42436974789916,53.931273529411776,"Eduardo Rodriguez",13164,593958
2022,"José Suarez","LAA",89.16075731497418,59.53087542168675,82.12297979797982,55.527157979797984,"Jose Suarez",19911,660761
2023,"Corbin Burnes","MIL",,,82.03294797687862,56.17401303468209,"Corbin Burnes",19361,669203
2023,"Mitch Keller","PIT",100.15393120393121,52.10062619164619,81.9303370786517,54.63355303370788,"Mitch Keller",17594,656605
2023,"Yusei Kikuchi","TOR",116.6459842519685,58.601754952755904,81.89160583941607,32.47939423357664,"Yusei Kikuchi",20633,579328
2023,"Luis Medina","OAK",111.70642978003384,48.02277519458545,81.83916666666667,39.581757333333336,"Luis Medina",21649,665622
2022,"Reid Detmers","LAA",87.09122994652408,49.05080689839572,81.70121951219512,49.66141276422765,"Reid Detmers",27468,672282
2023,"Jameson Taillon","CHC",87.39298454221165,49.74030736028537,81.63717948717948,52.9530482051282,"Jameson Taillon",11674,592791
2022,"Jonathan Heasley","KCR",107.25837438423642,49.96520022167486,81.53733681462141,49.95068373368145,"Jonathan Heasley",22224,669169
2023,"Rich Hill","- - -",77.30247831474598,44.086490297397766,81.2375,30.154317321428575,"Rich Hill",4806,448179
2022,"Daniel Lynch IV","KCR",82.49457659372024,49.509105813510935,80.9436936936937,55.55324164414414,"Daniel Lynch IV",21537,663738
2023,"Luis Severino","NYY",103.05623306233062,54.943865067750686,80.8736301369863,54.79402599315068,"Luis Severino",15890,622663
2023,"Chris Sale","BOS",99.33490959666203,58.897649999999985,80.85114155251141,56.95976771689499,"Chris Sale",10603,519242
2023,"Brayan Bello","BOS",83.18722222222222,41.26044853703704,80.38194888178913,54.66544669329075,"Brayan Bello",23920,678394
2023,"Mike Clevinger","CHW",101.2862725450902,56.037633326653314,80.27925925925925,47.02777377777777,"Mike Clevinger",12808,605182
2022,"Mitch Keller","PIT",96.75535924617199,53.34384240282686,80.12832369942195,48.80495988439306,"Mitch Keller",17594,656605
2022,"Jordan Lyles","BAL",79.8744994731296,49.920118904109586,80.06068111455109,34.00383470588236,"Jordan Lyles",7593,543475
2022,"Kris Bubic","KCR",80.76740088105728,46.96063915418502,79.56260032102729,53.884195361155705,"Kris Bubic",21455,663460
2022,"Jakob Junis","SFG",74.25,23.7677375,79.48767772511847,52.00024440758293,"Jakob Junis",13619,596001
2022,"Eric Lauer","MIL",93.93923404255318,51.855799702127655,79.25903614457832,38.35475409638555,"Eric Lauer",19316,641778
2022,"Erick Fedde","WSN",52.349999999999994,32.56564,78.93690476190476,42.24729130952381,"Erick Fedde",17425,607200
2022,"Marco Gonzales","SEA",74.62589371980677,44.67516463768116,78.74820809248557,63.35304621965317,"Marco Gonzales",15467,594835
2022,"Jeffrey Springs","TBR",101.61967930029155,58.085821647230304,78.621270310192,67.59792140324963,"Jeffrey Springs",17677,605488
2022,"José Berríos","TOR",93.23786279683375,57.36209538258575,78.56100478468899,50.11054227272727,"Jose Berrios",14168,621244
2022,"Adrian Houser","MIL",78.16312500000001,41.274309875,78.43620689655171,44.91714856321839,"Adrian Houser",12718,605288
2023,"Cristian Javier","HOU",101.33929845422118,47.249872615933405,78.31293103448276,47.64604836206897,"Cristian Javier",17606,664299
2023,"Zach Davies","ARI",71.60443786982248,40.19670307692308,77.99757412398922,54.726615606469,"Zach Davies",13183,605200
2022,"James Kaprielian","OAK",74.63333333333334,39.20353477106227,77.98648648648648,53.3312468018018,"James Kaprielian",18331,621076
2023,"Tyler Glasnow","TBR",128.3221549636804,68.6983548062954,77.9,20,"Tyler Glasnow",14374,607192
2022,"Braxton Garrett","MIA",84.61960784313725,55.07489691876751,77.8354609929078,40.94187879432624,"Braxton Garrett",21844,666129
2022,"Mike Clevinger","SDP",99.84533715925394,56.29283637015782,77.82994652406416,43.511132513368985,"Mike Clevinger",12808,605182
2022,"Michael Kopech","CHW",119.8317998385795,54.456573131557704,77.6375,33.36352458333333,"Michael Kopech",17282,656629
2022,"Blake Snell","SDP",126.79815384615382,64.07895695384616,76.91101694915253,42.63434381355931,"Blake Snell",13543,605483
2023,"Jon Gray","TEX",82.36854043392505,47.689870601577915,76.76223021582734,53.87356089928058,"Jon Gray",14916,592351
2023,"Jake Irvin","WSN",91.8645751633987,41.94889785620915,76.51057692307694,58.46878240384616,"Jake Irvin",21504,663623
2022,"Luis Severino","NYY",111.67471116816431,58.546232747111695,76.34726775956285,50.67049852459016,"Luis Severino",15890,622663
2023,"Zach Eflin","TBR",82.97169811320755,48.33927704402516,76.28307692307693,46.63160953846154,"Zach Eflin",13774,621107
2022,"Cole Irvin","OAK",69.1385554425229,45.62431604272635,76.1575257731959,57.695016721649495,"Cole Irvin",19244,608344
2022,"Nestor Cortes","NYY",112.11752767527673,62.811592177121774,76.03944954128441,45.7598133027523,"Nestor Cortes",17874,641482
2022,"Cristian Javier","HOU",120.17967189728958,57.8606765406562,75.93229166666664,20,"Cristian Javier",17606,664299
2023,"J.P. France","HOU",101.06361655773422,56.290521481481484,75.90518292682926,57.33168304878047,"J.P. France",21212,641585
2022,"Joe Ryan","MIN",104.38419220055714,55.05093823119776,75.15206896551724,40.14212993103449,"Joe Ryan",21390,657746
2022,"Gerrit Cole","NYY",144.05571260306246,65.35207253828034,75.02246376811593,48.99998278985508,"Gerrit Cole",13125,543037
2023,"Johan Oviedo","PIT",82.55603079555175,38.96597610778443,75.00406504065039,23.60877796747967,"Johan Oviedo",22487,670912
2023,"Cristopher Sánchez","PHI",,,74.87067510548525,56.32084843881856,"Cristopher Sanchez",20778,650911
2023,"Anthony DeSclafani","SFG",87.6475138121547,28.243603204419887,74.85302013422819,41.51228489932887,"Anthony DeSclafani",13050,543101
2023,"Taj Bradley","TBR",131.68398486759145,59.921987692307695,74.38582995951417,49.11539732793521,"Taj Bradley",22543,671737
2022,"Noah Syndergaard","- - -",66.64817275747508,48.54119239202658,73.74840294840295,53.73490471744472,"Noah Syndergaard",11762,592789
2022,"Patrick Corbin","WSN",69.29290060851928,47.52067687626775,73.46467889908257,52.67942284403671,"Patrick Corbin",9323,571578
2022,"Shane Bieber","CLE",81.74939393939394,54.78568882828283,73.39850746268654,49.339313134328364,"Shane Bieber",19427,669456
2023,"Jordan Lyles","KCR",75.2407450523865,50.037907136204886,73.22671009771986,39.320346416938115,"Jordan Lyles",7593,543475
2023,"Austin Gomber","COL",68.26244725738394,45.70583870253164,72.97076923076925,62.46143769230769,"Austin Gomber",16561,596295
2022,"Carlos Rodón","SFG",113.01796276013143,66.03557071741511,72.70677966101697,47.89457220338983,"Carlos Rodon",16137,607074
2023,"Michael Kopech","CHW",116.05423845623709,49.18050474844935,72.57921348314608,21.295774269662925,"Michael Kopech",17282,656629
2023,"Chris Bassitt","TOR",73.65426621160411,42.78345088737201,72.46682926829268,52.105682146341444,"Chris Bassitt",12304,605135
2022,"Martín Pérez","TEX",76.60798319327733,31.99016436974789,72.3404617253949,54.53950653705955,"Martin Perez",6902,527048
2022,"Bryse Wilson","PIT",75.20388059701493,41.94738262686567,72.3138392857143,44.82159758928571,"Bryse Wilson",19990,669060
2023,"Blake Snell","SDP",120.46417910447761,53.70594820246592,72.24828767123287,62.7937530650685,"Blake Snell",13543,605483
2022,"Alek Manoah","TOR",102.53119092627601,57.21970952741023,72.22265861027192,42.48510235649547,"Alek Manoah",26410,666201
2023,"Martín Pérez","TEX",78.43717948717948,53.26566102564104,72.1326359832636,52.351490000000005,"Martin Perez",6902,527048
2023,"Gerrit Cole","NYY",124.87067280046004,64.45036637147787,72.12317596566523,47.72727167381975,"Gerrit Cole",13125,543037
2023,"Noah Syndergaard","- - -",65.04478896643404,50.48842312462613,71.84038461538464,48.02618278846154,"Noah Syndergaard",11762,592789
2022,"Adrian Sampson","CHC",83.74064386317907,52.77634404426561,71.73394495412845,33.39479435779816,"Adrian Sampson",13339,592716
2023,"Andrew Abbott","CIN",80.78294736842106,49.61244535789473,71.51193548387096,36.89091348387096,"Andrew Abbott",29911,671096
2022,"Tyler Alexander","DET",89.40875,59.209258281249994,70.6282258064516,48.42462346774193,"Tyler Alexander",17735,641302
2022,"Jon Gray","TEX",86.03262955854127,51.8241504606526,70.57329842931937,47.171497277486914,"Jon Gray",14916,592351
2022,"Hunter Greene","CIN",131.56334459459458,64.44848701858109,70.51206896551724,36.35276818965517,"Hunter Greene",22182,668881
2023,"Ranger Suárez","PHI",69.0836405529954,46.85197594470047,70.38548387096773,49.917014946236556,"Ranger Suarez",17277,624133
2022,"JT Brubaker","PIT",74.24444444444443,29.328721736111113,70.3595041322314,34.31691198347108,"JT Brubaker",17578,664141
2022,"Dane Dunning","TEX",49,55.31716666666667,70.33151750972763,48.87727361867705,"Dane Dunning",19409,641540
2023,"MacKenzie Gore","WSN",111.51994535519124,58.06123642076501,70.16567164179105,39.61698582089553,"MacKenzie Gore",22201,669022
2023,"Aaron Nola","PHI",95.45176211453744,59.9328010352423,70.10461538461537,54.454425487179485,"Aaron Nola",16149,605400
2022,"Antonio Senzatela","COL",79.20438489646772,52.051960609013385,69.94521739130433,39.436374782608695,"Antonio Senzatela",15488,622608
2022,"Adam Wainwright","STL",75.34383561643835,38.44819099315068,69.91894736842104,41.43878489473685,"Adam Wainwright",2233,425794
2022,"Alex Wood","SFG",,,69.3433734939759,50.63568173493977,"Alex Wood",13781,622072
2022,"Aaron Nola","PHI",105.623842364532,65.59335913300494,69.32254464285714,55.89195488839287,"Aaron Nola",16149,605400
2023,"Justin Steele","CHC",87.52324860508368,62.67794405455672,69.24615384615385,26.95407423076923,"Justin Steele",17312,657006
2023,"Hunter Greene","CIN",127.11539145907471,61.45777759786476,69.1981651376147,34.91620385321101,"Hunter Greene",22182,668881
2022,"Chris Bassitt","NYM",79.82559366754617,49.062249472295534,69.05314285714284,36.59813262857141,"Chris Bassitt",12304,605135
2022,"Zach Thompson","PIT",54.42164948453608,37.18301855670104,69.0171597633136,52.004216982248515,"Zach Thompson",16094,605507
2023,"Trevor Williams","WSN",81.28824609733701,59.58479190261497,68.82831050228309,44.73679921171172,"Trevor Williams",16977,592866
2022,"Paul Blackburn","OAK",78.04393939393938,38.91956075757576,68.49686098654708,50.5591200896861,"Paul Blackburn",14739,621112
2023,"Alek Manoah","TOR",90.55285714285715,44.19631875510205,68.44999999999997,41.12635374999999,"Alek Manoah",26410,666201
2022,"Austin Gomber","COL",70.28529886914377,45.194531033925685,68.34208333333335,56.53993420833334,"Austin Gomber",16561,596295
2023,"Chase Anderson","COL",66.26725,36.8826824,68.14508474576272,59.55325030508475,"Chase Anderson",6895,502624
2023,"Jack Flaherty","- - -",97.95464015151515,48.54591682765151,68.03837209302326,32.55828302325582,"Jack Flaherty",17479,656427
2022,"Glenn Otto","TEX",82.35596153846154,40.07416201923077,67.36777777777777,40.332946222222226,"Glenn Otto",21366,657248
2023,"Adam Wainwright","STL",79.84642857142858,41.16862178571429,67.35164835164835,26.446333846153852,"Adam Wainwright",2233,425794
2023,"Patrick Corbin","WSN",64.93987975951904,41.354009819639266,66.32620320855617,51.32276951871658,"Patrick Corbin",9323,571578
2023,"Paul Blackburn","OAK",77.37490347490348,38.90260420849422,66.25853658536586,50.19057804878047,"Paul Blackburn",14739,621112
2022,"Ranger Suárez","PHI",62.748451327433635,51.751414115044234,66.06277372262774,45.655878631386855,"Ranger Suarez",17277,624133
2022,"Miles Mikolas","STL",77.16120283018867,56.3541733490566,65.70238095238095,59.79087261904762,"Miles Mikolas",9803,571945
2022,"Johnny Cueto","CHW",84.53250564334085,48.908406433408565,65.39758771929823,43.749466052631576,"Johnny Cueto",6893,456501
2022,"Brady Singer","KCR",64.92,20,64.85611111111112,35.70406672222222,"Brady Singer",25377,663903
2022,"Dylan Cease","CHW",126.75579710144923,52.73039425925927,64.64933333333333,46.717530266666664,"Dylan Cease",18525,656302
2023,"Bryce Elder","ATL",63.33573487031701,40.49295141210375,64.46143958868893,43.532182056555264,"Bryce Elder",27779,693821
2022,"Spenser Watkins","BAL",72.02348754448398,42.65664097864768,63.752112676056335,33.45302957746479,"Spenser Watkins",17489,657093
2022,"Graham Ashcraft","CIN",,,63.26666666666667,42.25379083333333,"Graham Ashcraft",27552,668933
2023,"Dane Dunning","TEX",68.75,26.45529015151515,63.10945945945945,49.427303162162154,"Dane Dunning",19409,641540
2022,"Zack Wheeler","PHI",119.36670050761423,71.00731342131981,62.590476190476195,41.55102833333333,"Zack Wheeler",10310,554430
2022,"Justin Steele","CHC",91.13645021645021,57.15225578354979,62.15135135135135,29.073073513513513,"Justin Steele",17312,657006
2022,"Nick Pivetta","BOS",112.38861323155217,57.23071454834605,61.06142857142857,45.423973,"Nick Pivetta",15454,601713
2022,"José Quintana","- - -",85.50733944954128,54.96705293577981,60.94199623352165,39.844681431261776,"Jose Quintana",11423,500779
2022,"Brad Keller","KCR",99.61104565537555,49.61512891016201,60.65894736842105,25.667866736842107,"Brad Keller",15734,641745
2022,"Drew Smyly","CHC",,,60.63333333333333,49.11313833333333,"Drew Smyly",11760,592767
2023,"Dylan Cease","CHW",124.67940340909091,52.70982724431817,60.38080808080808,43.197797878787895,"Dylan Cease",18525,656302
2022,"Drew Hutchison","DET",78.17860780984721,37.784632224108655,60.09518072289156,41.687406626506025,"Drew Hutchison",10732,571800
2022,"Paolo Espino","WSN",73.00913043478262,43.16364934782608,59.62739726027397,55.410723424657526,"Paolo Espino",8246,502179
2022,"Sonny Gray","MIN",100.43062381852553,60.329924612476376,59.1157894736842,27.247681052631577,"Sonny Gray",12768,543243
2023,"Shane Bieber","CLE",80.50727802037845,52.23979170305676,59.036764705882355,32.543646470588236,"Shane Bieber",19427,669456
2022,"Kyle Freeland","COL",70.23444613050074,56.98880992412747,58.855076142131985,41.35506728426395,"Kyle Freeland",16256,607536
2023,"Miles Mikolas","STL",74.04310134310134,55.642850361881806,57.29763313609467,57.33632859649123,"Miles Mikolas",9803,571945
2022,"Madison Bumgarner","ARI",79.59667405764965,44.91643291574279,57.255700325732896,34.20811114006515,"Madison Bumgarner",5524,518516
2022,"Dakota Hudson","STL",73.90483516483516,45.05520894505496,56.99032258064516,32.54302376344087,"Dakota Hudson",19206,641712
2023,"Logan Allen","CLE",82.08650051921082,56.073675773624096,55.617031630170324,51.7830997080292,"Logan Allen",27589,671106
2023,"Lance Lynn","- - -",92.41282835765152,61.2217874491279,54.83956762192056,45.83584276018099,"Lance Lynn",2520,458681
2022,"Josiah Gray","WSN",83.01894013738959,47.13995768400391,53.02739726027398,30.577049726027393,"Josiah Gray",24580,680686
2022,"Roansy Contreras","PIT",104.58081805359662,51.922405641748945,52.69756097560977,20,"Roansy Contreras",22810,672710
2023,"Brady Singer","KCR",,,52.59024390243902,37.249086158536585,"Brady Singer",25377,663903
2022,"José Ureña","COL",85.90900900900903,43.43492036036037,52.498347107438015,38.586431487603306,"Jose Urena",11589,570632
2022,"Chad Kuhl","COL",80.3375,30.70297803571429,50.758235294117654,34.01590617647058,"Chad Kuhl",14975,641771
2023,"Freddy Peralta","MIL",117.04604267033724,62.33445268410186,50.379518072289166,40.45167260240964,"Freddy Peralta",18679,642547
2022,"Germán Márquez","COL",76.15798122065728,47.614391784037565,49.60232558139534,41.61138895348837,"German Marquez",15038,608566
2022,"Kyle Hendricks","CHC",72.32821229050279,46.916899692737424,49.55786924939468,56.15575796610169,"Kyle Hendricks",12049,543294
2023,"Kyle Freeland","COL",67.90855855855854,53.81236855855855,47.263698630136986,49.95434181506849,"Kyle Freeland",16256,607536
2023,"Kyle Hendricks","CHC",67.17529137529138,50.31934622377621,41.528950403690885,51.40287238754324,"Kyle Hendricks",12049,543294
2023,"Josiah Gray","WSN",82.2536534446764,36.33226655532359,41.25116279069767,36.22688302325581,"Josiah Gray",24580,680686
2023,"Zack Wheeler","PHI",111.84729136163982,73.81568800146412,40.620000000000005,43.92427200000001,"Zack Wheeler",10310,554430
2022,"Robbie Ray","SEA",101.02797668609493,64.35073379683597,40.56818181818182,20,"Robbie Ray",11486,592662
2022,"Lance Lynn","CHW",98.78509249183897,59.61435945593036,35.837037037037035,34.22907679012345,"Lance Lynn",2520,458681
2023,"Clayton Kershaw","LAD",96.0889945652174,49.84387331521739,34.09714285714286,31.185424285714284,"Clayton Kershaw",2036,477132
2023,"Clarke Schmidt","NYY",,,31.27,35.10691175,"Clarke Schmidt",19899,657376
2022,"Clayton Kershaw","LAD",104.91112618724559,58.424761818181814,19.418181818181814,53.2148990909091,"Clayton Kershaw",2036,477132
2022,"Jake Odorizzi","- - -",75.8645652173913,49.07561273913044,,,"Jake Odorizzi",6397,543606
2022,"Alex Cobb","SFG",85.93333333333334,37.34037,,,"Alex Cobb",6562,502171
2022,"Nathan Eovaldi","BOS",100.52773613193403,61.53770805097451,,,"Nathan Eovaldi",9132,543135
2022,"Taijuan Walker","NYM",99.30895522388059,49.40196995929443,,,"Taijuan Walker",11836,592836
2022,"Yu Darvish","SDP",119.983178807947,53.22063354966888,,,"Yu Darvish",13074,506433
2022,"Marcus Stroman","CHC",74.55170731707318,51.211310878048785,,,"Marcus Stroman",13431,573186
2022,"Frankie Montas","- - -",102.68612368024132,56.001443197586724,,,"Frankie Montas",14309,593423
2022,"Tyler Mahle","- - -",107.07898148148148,61.49202797222222,,,"Tyler Mahle",16358,641816
2022,"Triston McKenzie","CLE",107.23671875000001,58.71455966145834,,,"Triston McKenzie",18000,663474
2022,"Tony Gonsolin","LAD",79.55736040609136,46.36743046954316,,,"Tony Gonsolin",19388,664062
2022,"Aaron Civale","CLE",68.12661870503598,29.126701079136687,,,"Aaron Civale",19479,650644
2022,"Shohei Ohtani","LAA",116.4813793103448,56.63094564137931,,,"Shohei Ohtani",19755,660271
2022,"Drew Rasmussen","TBR",113.03635220125786,59.67247944654088,,,"Drew Rasmussen",25385,656876
2023,"Alex Cobb","SFG",61.214285714285715,20,,,"Alex Cobb",6562,502171
2023,"Nathan Eovaldi","TEX",91.77701564380264,44.0591202166065,,,"Nathan Eovaldi",9132,543135
2023,"Drew Smyly","CHC",,,,,"Drew Smyly",11760,592767
2023,"Taijuan Walker","PHI",78.87099391480731,40.517528336714,,,"Taijuan Walker",11836,592836
2023,"Colin Rea","MIL",82.01589041095892,48.73554175342466,,,"Colin Rea",12317,607067
2023,"Marcus Stroman","CHC",58.38208092485548,43.00931040462429,,,"Marcus Stroman",13431,573186
2023,"Kevin Gausman","TOR",109.55935897435896,62.05548973076922,,,"Kevin Gausman",14107,592332
2023,"Nick Pivetta","BOS",120.799864498645,59.52953189701896,,,"Nick Pivetta",15454,601713
2023,"Kenta Maeda","MIN",75.90154525386312,45.145903620309056,,,"Kenta Maeda",18498,628317
2023,"Tony Gonsolin","LAD",79.71202435312024,45.21890815829528,,,"Tony Gonsolin",19388,664062
2023,"Aaron Civale","- - -",75.90526315789474,36.74243408906882,,,"Aaron Civale",19479,650644
2023,"Shohei Ohtani","LAA",113.72748538011697,55.71616752923978,,,"Shohei Ohtani",19755,660271
2023,"Tanner Houck","BOS",94.60233918128654,40.77904830409356,,,"Tanner Houck",19879,656557
2023,"Kutter Crawford","BOS",106.99781976744185,58.66586911337209,,,"Kutter Crawford",20531,676710
2023,"Joe Ryan","MIN",102.0670380078637,62.5098931716907,,,"Joe Ryan",21390,657746
2023,"Logan Gilbert","SEA",87.76102941176472,56.41140228758169,,,"Logan Gilbert",22250,669302
2023,"Hunter Brown","HOU",100.67697314890155,53.06389246541904,,,"Hunter Brown",25880,686613
2023,"Graham Ashcraft","CIN",,,,,"Graham Ashcraft",27552,668933
2023,"Kodai Senga","NYM",109.32280193236714,47.10180451207728,,,"Kodai Senga",31838,673540